 As  of  9/30/2019 
FUND/INDEX, 1  YR , 5  YR , 10  YR , 20  YR , SINCE  INCEPTION 
 Mairs  &  Power  Balanced  Fund<sup>2</sup> ,6.54,6.97,9.65,7.49,9.54
 Composite  Index<sup>3</sup> ,7.50,8.10,9.67,6.16,9.03
 Morningstar  Category<sup>4</sup> ,3.53,5.60,7.80,5.94,-
 S&P  500  TR  Index<sup>5</sup> ,4.25,10.84,13.24,6.33,-
 Bloomberg  Barclays  U.S.Govt/Credit  Bond  Index<sup>6</sup> ,11.32,3.61,3.94,5.12,-
 Per.  1 , Per.  2 , Per.  3 , Per.  4 , Per.  5 ,Current,Combined
 3/31/1975  -  7/31/1980 , 7/31/1980  -  11/30/1982 , 11/30/1982  -  3/29/1991 , 3/29/1991  -  11/30/2001 , 11/30/2001  -  6/30/2009 , 6/30/2009  -  9/30/2019 , 3/31/1975  -  9/30/2019 
14.02,15.38,10.52,12.67,3.39,10.71,10.87
10.52,12.52,15.18,11.50,1.79,10.54,10.17
 1  YR , 5  YR , 10  YR , 20  YR , SINCE  INCEPTION 
6.54,6.97,9.65,7.49,9.54
7.50,8.10,9.67,6.16,9.03
3.53,5.60,7.80,5.94,0
&nbsp;,&nbsp;
 Health  Care ,Industrials,Financials, Information  Technology , Communication  Services , Consumer  Staples ,Materials,Energy, Consumer  Discretionary ,Utilities, Real  Estate , Total  Common  Stock 
23.60,22.20,17.60,8.70,7.00,6.50,6.20,4.10,3.50,0.60,0.00
&nbsp;,&nbsp;
 Large  Cap  88% , Mid  Cap  12% 
88,12
&nbsp;,&nbsp;
 Minnesota  39% , Upper  Midwest  10% , Other  51% 
39,10,51
&nbsp;,&nbsp;
 Common  Stock  63% , Corporate  Bonds  31% , Asset  Backed  Securities  3% , U.S.  Government  Obligations  1% , Federal  Agency  Obligations  0% , Cash  2% 
63,31,3,1,0,2
&nbsp;,&nbsp;
 Top  10  Equity  Holdings , %  PORTFOLIO 
 U.S.  Bancorp   ,3.0
 Alphabet  Inc. ,2.8
 Medtronic  PLC ,2.7
 Ecolab,  Inc. ,2.3
 3M  Company             ,2.3
 Johnson  &  Johnson ,2.2
 Microsoft  Corp. ,2.0
 Principal  Financial  Group  Inc. ,1.9
 JPMorgan  Chase  &  Co. ,1.8
 CH  Robinson  Worldwide  Inc. ,1.8
&nbsp;,&nbsp;
&nbsp;,&nbsp;
&nbsp;,&nbsp;
 As  of  9/30/2019: 
Ticker,MAPOX
Inception<br>Date,1/10/1961
Style,Balanced
Annualized<br>Turnover<sup>7</sup>,14.48%
Expense<br>Ratio,0.72%
Equity<br>Holdings,51
Active<br>Share<sup>8</sup>,78.88%
Sharpe<br>Ratio<sup>9</sup>,0.40
 Net<br>Asset  Value<sup>10</sup> , $97.53   
 Wtd.  Ave.  Market<br>Cap<sup>11</sup> ,$155.2B
 Fixed  Income<br>Holdings ,238
 30-Day  SEC<br>Yield<sup>12</sup> ,1.88%
 Effective<br>Maturity  (Years) ,7.8
Effective<br>Duration<sup>13</sup>,5.38
 Total  Net<br>Assets ,$890M
Sales<br>Charge<sup>1</sup>,None
 Min.  Initial<br>Investment , $2,500   
 Min.  Initial  IRA<br>Investment , $1,000   
Subsequent<br>Investment, $100   
Income<br>Distribution,Quarterly
 Capital  Gains<br>Distributions ,Annual
, Equity  Sector  Weights , %  PORTFOLIO 
, Health  Care ,15.0
,Industrials,14.1
,Financials,11.2
, Information  Technology ,5.5
, Communication  Services ,4.4
, Consumer  Staples ,4.1
,Materials,4.0
,Energy,2.2
, Consumer  Discretionary ,2.1
,Utilities,0.5
, Real  Estate ,0.0
, Total  Common  Stock ,63.1
&nbsp;,&nbsp;
 As  of  9/30/2019  among  Moderate  Target  Risk  Funds  based  on  risk-adjusted  returns. 
,OVERALL, 1  YR , 3  YR , 5  YR , 10  YR , Since  Inception 
 Star  Rating , <img  src=/images/5Stars.png  alt=5star  > ,-, <img  src=/images/4Stars.png  alt=4star  > , <img  src=/images/4Stars.png  alt=4star  > , <img  src=/images/5Stars.png  alt=5star  > ,-
 Funds  in  Category ,658,-,658,581,427,-
 Percentile  Rank ,-,14,25,16,8,-
 Funds  in  Category ,-,716,697,656,540,-
&nbsp;,&nbsp;
PERIOD, DATE  RANGE 
 Per.  1 , 3/31/1975  -  7/31/1980 
 Per.  2 , 7/31/1980  -  11/30/1982 
 Per.  3 , 11/30/1982  -  3/29/1991 
 Per.  4 , 3/29/1991  -  11/30/2001 
 Per.  5 , 11/30/2001  -  6/30/2009 
Current, 6/30/2009  -  9/30/2019 
Combined, 3/31/1975  -  9/30/2019 
&nbsp;,&nbsp;
 As  of  4/30/2019  Prospectus  Expense  Ratio 
 0.72%  annualized  as  of  12/31/18 
&nbsp;,&nbsp;
 As  of  10/31/2019:  NAV  -  Daily  Closing  Price 
 Balanced  Fund ,MAPOX,$98.26
&nbsp;,&nbsp;
 RECORD  DATE , EX-DIVIDEND  PAYABLE/REINVEST<br>  DATE , REINVEST  NAV , DIVIDEND  PER  SHARE , SHORT-TERM  CAPITAL<br>  GAINS , LONG-TERM  CAPITAL<br>  GAINS 
3/27/2019,3/28/2019, $93.63   , $0.5200   ,-,-
6/26/2019,6/27/2019, $96.03   , $0.5100   ,-,-
9/26/2019,9/27/2019, $97.31   , $0.5400   ,-,-
12/26/2019,12/27/2019,-,-,-,-
