&nbsp;	&nbsp;
 Top  10  Equity  Holdings 	 %  PORTFOLIO 
 U.S.  Bancorp   	3.0
 Alphabet  Inc. 	2.8
 Medtronic  PLC 	2.7
 Ecolab,  Inc. 	2.3
 3M  Company             	2.3
 Johnson  &  Johnson 	2.2
 Microsoft  Corp. 	2.0
 Principal  Financial  Group  Inc. 	1.9
 JPMorgan  Chase  &  Co. 	1.8
 CH  Robinson  Worldwide  Inc. 	1.8
&nbsp;	&nbsp;
 Fund  Fact  Table 	&nbsp;
 As  of  9/30/2019: 
Ticker	MAPOX
Inception<br>Date	1/10/1961
Style	Balanced
Annualized<br>Turnover<sup>7</sup>	14.48%
Expense<br>Ratio	0.72%
Equity<br>Holdings	51
Active<br>Share<sup>8</sup>	78.88%
Sharpe<br>Ratio<sup>9</sup>	0.40
 Net<br>Asset  Value<sup>10</sup> 	 $97.53   
 Wtd.  Ave.  Market<br>Cap<sup>11</sup> 	$155.2B
 Fixed  Income<br>Holdings 	238
 30-Day  SEC<br>Yield<sup>12</sup> 	1.88%
 Effective<br>Maturity  (Years) 	7.8
Effective<br>Duration<sup>13</sup>	5.38
 Total  Net<br>Assets 	$890M
Sales<br>Charge<sup>1</sup>	None
 Min.  Initial<br>Investment 	 $2,500   
 Min.  Initial  IRA<br>Investment 	 $1,000   
Subsequent<br>Investment	 $100   
Income<br>Distribution	Quarterly
 Capital  Gains<br>Distributions 	Annual
