 As  of  9/30/2019 
FUND/INDEX, 1  YR , 5  YR , 10  YR , 20  YR , SINCE  INCEPTION 
 Mairs  &  Power  Growth  Fund<sup>2</sup> ,4.27,9.39,12.65,9.54,11.28
 S&P  500  TR  Index<sup>3</sup> ,4.25,10.84,13.24,6.33,10.20
 Lipper  Multi-Cap  Core  Index<sup>4</sup> ,0.98,8.82,11.50,6.45,-
 Per.  1 , Per.  2 , Per.  3 , Per.  4 , Per.  5 ,Current,Combined
 3/31/1975  -  7/31/1980 , 7/31/1980  -  11/30/1982 , 11/30/1982  -  3/29/1991 , 3/29/1991  -  11/30/2001 , 11/30/2001  -  6/30/2009 , 6/30/2009  -  9/30/2019 , 3/31/1975  -  9/30/2019 
15.38,16.14,14.21,17.38,2.66,13.86,13.05
12.67,11.55,17.09,13.36,-0.90,14.50,11.55
14.89,13.92,13.68,12.13,0.30,12.93,10.90
 As  of  9/30/2019 
 1  YR , 5  YR , 10  YR , 20  YR , SINCE  INCEPTION 
4.27,9.39,12.65,9.54,11.28
4.25,10.84,13.24,6.33,10.20
0.98,8.82,11.50,6.45,0
&nbsp;,&nbsp;
Industrials, Health  Care , Information  Technology ,Financials, Communication  Services   ,Materials, Consumer  Staples , Real  Estate , Consumer  Discretionary ,Energy,Utilities,Total
23.60,22.20,17.60,8.70,7.00,6.50,6.20,4.10,3.50,0.60,0.00
&nbsp;,&nbsp;
 Large  Cap  76% , Mid  Cap  20% , Small  Cap  4% 
76,20,4
&nbsp;,&nbsp;
 Minnesota  48% , Upper  Midwest  13% , Other  39% 
48,13,39
&nbsp;,&nbsp;
 Common  Stock  98% , Cash  2% 
98,2
&nbsp;,&nbsp;
 TOP  10  HOLDINGS , %  PORTFOLIO 
 Alphabet  Inc. ,5.4
 U.S.  Bancorp   ,5.0
 Medtronic  PLC ,4.3
 Ecolab,  Inc. ,4.2
 3M  Company             ,3.9
 Microsoft  Corp. ,3.6
 Johnson  &  Johnson ,3.4
 Hormel  Foods  Corp ,3.2
 The  Walt  Disney  Company     ,3.2
 Donaldson  Co  Inc. ,3.1
&nbsp;,&nbsp;
&nbsp;,&nbsp;
 As  of  : 
Ticker,MPGFX
 Inception  Date ,11/1/1958
Style, Large  Blend 
Holdings,56
 Annualized  Turnover<sup>5</sup> ,11.81
 Expense  Ratio ,0.64%
 Active  Share<sup>6</sup> ,82.36%
 Sharpe  Ratio<sup>7</sup> ,0.19
 Net  Asset  Value<sup>8</sup> ,$125.03
 Wtd.  Ave.  Market  Cap<sup>9</sup> ,$141.9B
 30-Day  SEC  Yield<sup>10</sup> ,1.27%
 Total  Net  Assets ,$4.4B
 Sales  Charge<sup>1</sup> ,None
 Min.  Initial  Investment , $2,500 
 Min.  Initial  IRA  Investment , $1,000 
 Subsequent  Investment ,$100
 Income  Distributions ,Semi-annual
 Capital  Gains  Distributions ,Annual
, SECTOR  WEIGHTS , %  PORTFOLIO 
,Industrials,23.7
, Health  Care ,22.6
, Information  Technology ,15.1
,Financials,12.9
, Communication  Services   ,8.7
,Materials,6.5
, Consumer  Staples ,4.6
, Real  Estate ,2.1
, Consumer  Discretionary ,1.3
,Energy,1.0
,Utilities,0.0
,Total,98.5
&nbsp;,&nbsp;
 As  of  31/09/2019  among  Large  Blend  Funds  based  on  risk-adjusted  Returns. 
,OVERALL, 1  YR , 3  YR , 5  YR , 10  YR , Since  Inception 
 Star  Rating , <img  src=/images/3Stars.png  alt=3star  > ,-, <img  src=/images/2Stars.png  alt=2star  > , <img  src=/images/3Stars.png  alt=3star  > , <img  src=/images/3Stars.png  alt=3star  > ,-
 Funds  in  Category ,1222,-,1222,1086,825,
 Percentile  Rank ,-,30,71,46,26,2
 Funds  in  Category ,-,1321,1244,1188,1041,79
&nbsp;,&nbsp;
PERIOD, DATE  RANGE 
 Per.  1 , 3/31/1975  -  7/31/1980 
 Per.  2 , 7/31/1980  -  11/30/1982 
 Per.  3 , 11/30/1982  -  3/29/1991 
 Per.  4 , 3/29/1991  -  11/30/2001 
 Per.  5 , 11/30/2001  -  6/30/2009 
Current, 6/30/2009  -  9/30/2019 
Combined, 3/31/1975  -  9/30/2019 
&nbsp;,&nbsp;
 As  of  4/30/2019  Prospectus  Expense  Ratio 
 0.64%  annualized  as  of  12/31/18 
&nbsp;,&nbsp;
 As  of  10/31/2019:  NAV  -  Daily  Closing  Price 
 Growth  Fund ,MPGFX,$127.21
 CLOSING  PRICES  (NAV)  as  of  10/31/2019 
 Growth  Fund ,MPGFX,$127.21
 Balanced  Fund ,MAPOX,$98.26
 Small  Cap  Fund ,MSCFX,$25.85
&nbsp;,&nbsp;
 RECORD  DATE , EX-DIVIDEND  PAYABLE/REINVEST<br>  DATE , REINVEST  NAV , DIVIDEND  PER  SHARE , SHORT-TERM  CAPITAL<br>  GAINS , LONG-TERM  CAPITAL<br>  GAINS 
26/06/2019,27/06/2019, $122.16   , $0.7400   ,-,-
26/12/2019,-,-,-,-,-
