 TOP  10  HOLDINGS 	 %  PORTFOLIO 
 Alphabet  Inc. 	5.4
 U.S.  Bancorp   	5.0
 Medtronic  PLC 	4.3
 Ecolab,  Inc. 	4.2
 3M  Company             	3.9
 Microsoft  Corp. 	3.6
 Johnson  &  Johnson 	3.4
 Hormel  Foods  Corp 	3.2
 The  Walt  Disney  Company     	3.2
 Donaldson  Co  Inc. 	3.1
&nbsp;	&nbsp;
&nbsp;	&nbsp;
 As  of  : 
Ticker	MPGFX
 Inception  Date 	11/1/1958
Style	 Large  Blend 
Holdings	56
 Annualized  Turnover<sup>5</sup> 	11.81
 Expense  Ratio 	0.64%
 Active  Share<sup>6</sup> 	82.36%
 Sharpe  Ratio<sup>7</sup> 	0.19
 Net  Asset  Value<sup>8</sup> 	$125.03
 Wtd.  Ave.  Market  Cap<sup>9</sup> 	$141.9B
 30-Day  SEC  Yield<sup>10</sup> 	1.27%
 Total  Net  Assets 	$4.4B
 Sales  Charge<sup>1</sup> 	None
 Min.  Initial  Investment 	$2,500
 Min.  Initial  IRA  Investment 	$1,000
 Subsequent  Investment 	$100
 Income  Distributions 	Semi-annual
 Capital  Gains  Distributions 	Annual
