FUND/INDEX, 1  YR , 5  YR , 10  YR , 20  YR , SINCE  INCEPTION 
 Mairs  &  Power  Growth  Fund<sup>1</sup> ,4.27,9.39,12.65,9.54,11.28
 S&P  500  TR  Index<sup>2</sup> ,4.25,10.84,13.24,6.33,10.20
 Lipper  Multi-Cap  Core  Index<sup>3</sup> ,0.98,8.82,11.50,6.45,-
&nbsp;,&nbsp;
 Mairs  &  Power  Balanced  Fund<sup>1</sup> ,6.54,6.97,9.65,7.49,9.54
 Composite  Index<sup>4</sup> ,7.50,8.10,9.67,6.16,-
 Morningstar  Category<sup>5</sup> ,3.53,5.60,7.80,5.94,-
 S&P  500  TR  Index<sup>2</sup> ,4.25,10.84,13.24,6.33,-
 Bloomberg  Barclays  U.S.Govt/Credit  Bond  Index<sup>6</sup> ,11.32,3.61,3.94,5.12,-
&nbsp;,&nbsp;
 Mairs  &  Power  Small  Cap  Fund<sup>1</sup> ,-6.92,7.81,-,-,14.25
 S&P  Small  Cap  600  Index<sup>7</sup> ,-9.34,9.89,-,-,13.43
 Morningstar  Small  Blend  Category<sup>8</sup> ,-7.72,6.89,-,-,-
