&nbsp;	&nbsp;
 Top  10  Equity  Holdings 	 %  PORTFOLIO 
 CoreSite  Realty  Corp. 	4.0
 Bio-Techne  Corp. 	3.4
 Wintrust  Financial  Corp. 	3.4
 Tennant  Co.   	3.3
 Donaldson  Co.,  Inc. 	3.3
 Oshkosh  Corporation 	3.3
 Catalent  Inc. 	3.2
 Associated  Banc-Corp. 	3.1
 Generac  Holdings  Inc. 	3.0
 Great  Western  Bancorp 	2.9
&nbsp;	&nbsp;
 Fund  Fact  Table 	&nbsp;
 As  of  9/30/2019: 
Ticker	MSCFX
 Inception  Date 	8/11/2011
Style	 Small  Cap  Core 
Holdings	51
 Annualized  Turnover<sup>5</sup> 	16.35%
 Expense  Ratio 	1.04%
 Active  Share<sup>6</sup> 	95.70%
 Sharpe  Ratio<sup>7</sup> 	-0.27
 Net  Asset  Value<sup>8</sup> 	 $25.22   
 Wtd.  Ave.  Market  Cap<sup>9</sup> 	$3.2B
 30-Day  SEC  Yield<sup>10</sup> 	0.62%
 Total  Net  Assets 	$420M
 Sales  Charge<sup>1</sup> 	None
 Min.  Initial  Investment 	 $2,500   
 Min.  Initial  IRA  Investment 	 $1,000   
 Subsequent  Investment 	 $100   
 Income  Distributions 	Annual
 Capital  Gains  Distributions 	Annual
