 As  of  9/30/2019 
FUND/INDEX, 1  YR , 3  YR , 5  YR , SINCE  INCEPTION 
 Mairs  &  Power  Small  Cap  Fund<sup>2</sup> ,-6.92,7.10,7.81,14.25
 S&P  Small  Cap  600  Index<sup>3</sup> ,-9.34,9.33,9.89,13.43
 Morningstar  Small  Blend  Category<sup>4</sup> ,-7.72,7.21,6.89,-
&nbsp;,&nbsp;
 1  YR , 3  YR , 5  YR , SINCE  INCEPTION 
-6.92,7.81,7.10,14.25
-9.34,9.89,9.33,13.43
-7.72,6.89,7.21,0
 Sector  Allocation 
 1  YR , 5  YR , 10  YR , 20  YR , SINCE  INCEPTION 
Industrials,Financials, Health  Care , Information  Technology , Real  Estate , Consumer  Staples ,Utilities,Energy, Consumer  Discretionary ,Materials, Communication  Services ,Total
23.6,22.2,17.6,8.7,7,6.5,6.2,4.1,3.5,0.6,0
&nbsp;,&nbsp;
 Mid  Cap  27% , Small  Cap  73% , Micro  Cap  0% 
27,73,0
&nbsp;,&nbsp;
 Minnesota  30% , Upper  Midwest  47% , Other  23% 
30,47,23
&nbsp;,&nbsp;
 Common  Stock  98% , Cash  2% 
98,2
&nbsp;,&nbsp;
&nbsp;,&nbsp;
&nbsp;,&nbsp;
&nbsp;,&nbsp;
&nbsp;,&nbsp;
 TOP  10  HOLDINGS , %  PORTFOLIO 
 CoreSite  Realty  Corp. ,4.0
 Bio-Techne  Corp. ,3.4
 Wintrust  Financial  Corp. ,3.4
 Tennant  Co.   ,3.3
 Donaldson  Co.,  Inc. ,3.3
 Oshkosh  Corporation ,3.3
 Catalent  Inc. ,3.2
 Associated  Banc-Corp. ,3.1
 Generac  Holdings  Inc. ,3.0
 Great  Western  Bancorp ,2.9
&nbsp;,&nbsp;
&nbsp;,&nbsp;
 As  of  9/30/2019: 
Ticker,MSCFX
 Inception  Date ,8/11/2011
Style, Small  Cap  Core 
Holdings,51
 Annualized  Turnover<sup>5</sup> ,16.35%
 Expense  Ratio ,1.04%
 Active  Share<sup>6</sup> ,95.70%
 Sharpe  Ratio<sup>7</sup> ,-0.27
 Net  Asset  Value<sup>8</sup> , $25.22   
 Wtd.  Ave.  Market  Cap<sup>9</sup> ,$3.2B
 30-Day  SEC  Yield<sup>10</sup> ,0.62%
 Total  Net  Assets ,$420M
 Sales  Charge<sup>1</sup> ,None
 Min.  Initial  Investment , $2,500   
 Min.  Initial  IRA  Investment , $1,000   
 Subsequent  Investment , $100   
 Income  Distributions ,Annual
 Capital  Gains  Distributions ,Annual
, SECTOR  WEIGHTS , %  PORTFOLIO 
,Industrials,28.5
,Financials,19.0
, Health  Care ,15.2
, Information  Technology ,11.9
, Real  Estate ,5.9
, Consumer  Staples ,4.0
,Utilities,3.6
,Energy,2.6
, Consumer  Discretionary ,2.5
,Materials,2.5
, Communication  Services ,2.2
,Total,97.9
&nbsp;,&nbsp;
 As  of  9/30/2019  among  Small  Blend  Funds  based  on  risk-adjusted  returns. 
,OVERALL, 1  YR , 3  YR , 5  YR , Since  Inception 
 Star  Rating , <img  src=/images/3Stars.png  alt=3star  > ,-, <img  src=/images/3Stars.png  alt=3star  > , <img  src=/images/3Stars.png  alt=3star  > ,-
 Funds  in  Category ,640,-,640,508,-
 Percentile  Rank ,-,42,56,38,1
 Funds  in  Category ,-,696,677,605,528
&nbsp;,&nbsp;
 As  of  4/30/2019  Prospectus  Expense  Ratio 
 1.05%  annualized  as  of  12/31/18 
&nbsp;,&nbsp;
 As  of  10/31/2019:  NAV  -  Daily  Closing  Price 
 Small  Cap  Fund ,MSCFX,$25.85
&nbsp;,&nbsp;
 RECORD  DATE , EX-DIVIDEND  PAYABLE/REINVEST<br>  DATE , REINVEST  NAV , DIVIDEND  PER  SHARE , SHORT-TERM  CAPITAL<br>  GAINS , LONG-TERM  CAPITAL<br>  GAINS 
12/26/2018,12/27/2018, $22.14   , $0.1500   ,-, $0.92369   
12/26/2019,-,-,-,-,-
